{
  "categories": [
    {
      "id": 0,
      "name": "+"
    },
    {
      "id": 1,
      "name": "-"
    },
    {
      "id": 2,
      "name": "1"
    },
    {
      "id": 3,
      "name": "2"
    },
    {
      "id": 4,
      "name": "3"
    },
    {
      "id": 5,
      "name": "4"
    },
    {
      "id": 6,
      "name": "5"
    },
    {
      "id": 7,
      "name": "6"
    },
    {
      "id": 8,
      "name": "7"
    },
    {
      "id": 9,
      "name": "8"
    },
    {
      "id": 10,
      "name": "9"
    },
    {
      "id": 11,
      "name": "\u4e00"
    },
    {
      "id": 12,
      "name": "\u4e03"
    },
    {
      "id": 13,
      "name": "\u4e09"
    },
    {
      "id": 14,
      "name": "\u4e5d"
    },
    {
      "id": 15,
      "name": "\u4e8c"
    },
    {
      "id": 16,
      "name": "\u4e94"
    },
    {
      "id": 17,
      "name": "\u516b"
    },
    {
      "id": 18,
      "name": "\u516d"
    },
    {
      "id": 19,
      "name": "\u51cf"
    },
    {
      "id": 20,
      "name": "\u52a0"
    },
    {
      "id": 21,
      "name": "\u56db"
    }
  ],
  "info": {
    "year": 2025,
    "version": "1.0",
    "contributor": "Label Studio"
  }
}